request_id,amount_safe_to_pay,affordability_status,recommended_payment_method,payment_plan,earliest_date_for_full_payment,spending_changes_needed,decision_explanation
request_26,15656000,affordable_now,full_payment,2025-08-03:15656000,2025-08-03,none,"Pay IDR 15,656,000 today. This leaves at least IDR 24,768,300 available over the next 90 days."
request_27,6670,affordable_now,full_payment,2026-07-05:6670,2026-07-05,none,"Pay ZAR 6,670 today. This leaves at least ZAR 20,500 available over the next 90 days."
request_28,0,not_affordable,not_recommended,none,,none,"Do not make this payment by 15 August 2024. None of the available options keeps the EUR 1,100 minimum protected."
request_29,51524,affordable_now,full_payment,2025-11-04:51524,2025-11-04,none,"Pay ZAR 51,524 today. This leaves at least ZAR 28,300 available over the next 90 days."
request_30,775.2,affordable_with_plan,installments,2026-04-06:268.74|2026-05-06:268.74|2026-06-05:268.74,2026-04-06,none,"Use 3 installments of USD 268.74, starting 6 April 2026. This leaves at least USD 900 available."
request_31,2954671.64,affordable_later,wait,2024-11-15:18164000,2024-11-15,none,"Pay IDR 18,164,000 in full on 15 November 2024. Paying earlier would take the balance below the IDR 16,588,900 minimum."
request_32,11475.56,not_affordable,not_recommended,none,,none,"Do not proceed with the ZAR 40,018 request. Although ZAR 11,475.56 is available today, the full amount cannot be completed safely within 90 days."
request_33,32241.51,not_affordable,not_recommended,none,,none,"Do not proceed with the INR 118,000 request. Although INR 32,241.51 is available today, the full amount cannot be completed safely within 90 days."
request_34,129400,affordable_now,full_payment,2024-12-04:129400,2024-12-04,none,"Pay INR 129,400 today. This leaves at least INR 138,500 available over the next 90 days."
request_35,30523.79,affordable_later,wait,2026-01-15:212000,2026-01-15,none,"Pay INR 212,000 in full on 15 January 2026. Paying earlier would take the balance below the INR 106,400 minimum."
request_36,364.39,affordable_later,wait,2026-09-15:3954,2026-09-15,none,"Pay USD 3,954 in full on 15 September 2026. Paying earlier would take the balance below the USD 2,400 minimum."
request_37,0,not_affordable,not_recommended,none,,none,"Do not make this payment by 15 May 2024. None of the available options keeps the IDR 17,056,200 minimum protected."
request_38,193.29,affordable_later,wait,2025-10-15:971.30,2025-10-15,none,Pay EUR 971.30 in full on 15 October 2025. Paying earlier would take the balance below the EUR 400 minimum.
request_39,118257.93,affordable_later,wait,2026-06-15:208600,2026-06-15,none,"Pay INR 208,600 in full on 15 June 2026. Paying earlier would take the balance below the INR 213,400 minimum."
request_40,284.57,not_affordable,not_recommended,none,,none,"Do not proceed with the EUR 1,290.30 request. Although EUR 284.57 is available today, the full amount cannot be completed safely within 90 days."
request_41,8526444.79,affordable_later,wait,2026-01-15:38760000,2026-01-15,none,"Pay IDR 38,760,000 in full on 15 January 2026. Paying earlier would take the balance below the IDR 25,366,600 minimum."
request_42,52100,affordable_now,full_payment,2026-01-05:52100,2026-01-05,none,"Pay INR 52,100 today. This leaves at least INR 113,100 available over the next 90 days."
request_43,8066547.93,affordable_later,wait,2024-11-15:43339000,2024-11-15,none,"Pay IDR 43,339,000 in full on 15 November 2024. Paying earlier would take the balance below the IDR 21,398,000 minimum."
request_44,21082.32,not_affordable,not_recommended,none,,none,"Do not proceed with the INR 95,800 request. Although INR 21,082.32 is available today, the full amount cannot be completed safely within 90 days."
request_45,4041545.83,affordable_later,wait,2026-09-15:21983000,2026-09-15,none,"Pay IDR 21,983,000 in full on 15 September 2026. Paying earlier would take the balance below the IDR 11,149,800 minimum."
request_46,49450,affordable_with_plan,installments,2024-12-03:25714|2024-12-31:25714,2024-12-03,none,"Use 2 installments of INR 25,714, starting 3 December 2024. This leaves at least INR 84,000 available."
request_47,38114000,affordable_now,full_payment,2025-05-05:38114000,2025-05-05,none,"Pay IDR 38,114,000 today. This leaves at least IDR 30,049,000 available over the next 90 days."
request_48,43098.55,affordable_with_plan,full_payment,2026-07-25:45700,2026-10-15,reduce_to:event_4452:925|stop:event_4451,"Reduce the streaming subscription to INR 925 and stop the shared storage plan, then pay INR 45,700 today. This leaves at least INR 71,300 available."
request_49,11974188.05,affordable_with_plan,installments,2024-03-18:11902106.67|2024-04-18:11902106.67|2024-05-19:11902106.67,2024-05-15,none,"Use 3 installments of IDR 11,902,106.67, starting 18 March 2024. This leaves at least IDR 20,275,700 available."
request_50,43900,affordable_now,full_payment,2025-08-06:43900,2025-08-06,none,"Pay INR 43,900 today. This leaves at least INR 99,700 available over the next 90 days."
request_51,2191000,affordable_now,full_payment,2026-01-03:2191000,2026-01-03,none,"Pay IDR 2,191,000 today. This leaves at least IDR 7,811,000 available over the next 90 days."
request_52,23286.91,affordable_later,wait,2024-06-15:28870,2024-06-15,none,"Pay INR 28,870 in full on 15 June 2024. Paying earlier would take the balance below the INR 41,500 minimum."
request_53,462.2,affordable_with_plan,installments,2025-11-21:589.06|2025-12-19:589.06|2026-01-16:589.06,2026-01-15,reduce_to:event_4992:44.50,"Reduce the bakery and snacks to USD 44.50, then use 3 installments of USD 589.06, starting 21 November 2025. This leaves at least USD 2,100 available."
request_54,5407.74,not_affordable,not_recommended,none,,none,"Do not proceed with the ZAR 121,528 request. Although ZAR 5,407.74 is available today, the full amount cannot be completed safely within 90 days."
request_55,125447.61,affordable_with_plan,installments,2026-06-11:75781.33|2026-07-12:75781.33|2026-08-12:75781.33,2026-08-15,stop:event_5101|reduce_to:event_5167:2750,"Stop the family streaming plan and reduce the family dinner to INR 2,750, then use 3 installments of INR 75,781.33, starting 11 June 2026. This leaves at least INR 124,300 available."
request_56,475.62,affordable_with_plan,partial_payment,2025-02-03:475.62|2025-02-15:405.94,2025-02-15,none,"Pay USD 475.62 today and the remaining USD 405.94 on 15 February 2025. This completes the full request and keeps the USD 2,100 minimum protected."
request_57,12349.83,affordable_later,wait,2026-06-15:61446,2026-06-15,none,"Pay ZAR 61,446 in full on 15 June 2026. Paying earlier would take the balance below the ZAR 42,700 minimum."
request_58,16226000,affordable_now,full_payment,2024-12-07:16226000,2024-12-07,none,"Pay IDR 16,226,000 today. This leaves at least IDR 14,433,900 available over the next 90 days."
request_59,140600,affordable_with_plan,installments,2025-05-07:48741.33|2025-06-04:48741.33|2025-07-02:48741.33,2025-05-04,none,"Use 3 installments of INR 48,741.33, starting 7 May 2025. This leaves at least INR 132,600 available."
request_60,127.19,affordable_later,wait,2026-02-15:199.89,2026-02-15,none,Pay USD 199.89 in full on 15 February 2026. Paying earlier would take the balance below the USD 400 minimum.
request_61,29062,affordable_with_plan,installments,2024-03-17:10074.83|2024-04-17:10074.83|2024-05-18:10074.83,2024-03-03,none,"Use 3 installments of ZAR 10,074.83, starting 17 March 2024. This leaves at least ZAR 36,700 available."
request_62,404.23,affordable_now,full_payment,2025-08-05:404.23,2025-08-05,none,"Pay USD 404.23 today. This leaves at least USD 1,300 available over the next 90 days."
request_63,32276.99,not_affordable,not_recommended,none,,none,"Do not proceed with the INR 343,900 request. Although INR 32,276.99 is available today, the full amount cannot be completed safely within 90 days."
request_64,0,not_affordable,not_recommended,none,,none,"Do not make this payment by 16 August 2024. None of the available options keeps the INR 36,100 minimum protected."
request_65,6728.49,not_affordable,not_recommended,none,,none,"Do not proceed with the ZAR 54,340 request. Although ZAR 6,728.49 is available today, the full amount cannot be completed safely within 90 days."
request_66,22200,affordable_now,full_payment,2026-04-03:22200,2026-04-03,none,"Pay INR 22,200 today. This leaves at least INR 80,700 available over the next 90 days."
request_67,314.91,affordable_later,wait,2024-11-15:2094,2024-11-15,none,"Pay USD 2,094 in full on 15 November 2024. Paying earlier would take the balance below the USD 1,200 minimum."
request_68,1258.58,not_affordable,not_recommended,none,2025-04-15,none,"Do not proceed with the USD 2,091.60 request. Although USD 1,258.58 is available today, the full amount cannot be completed safely within 90 days."
request_69,454.85,affordable_with_plan,full_payment,2026-01-04:529.10,2026-03-15,reduce_to:event_6407:16.40|stop:event_6405,"Reduce the personal shopping to EUR 16.40 and stop the family streaming plan, then pay EUR 529.10 today. This leaves at least EUR 700 available."
request_70,49190.01,affordable_later,wait,2025-02-15:243900,2025-02-15,none,"Pay INR 243,900 in full on 15 February 2025. Paying earlier would take the balance below the INR 115,000 minimum."
request_71,0,not_affordable,not_recommended,none,,none,"Do not make this payment by 28 May 2025. None of the available options keeps the IDR 8,884,800 minimum protected."
request_72,11330,affordable_now,full_payment,2026-07-05:11330,2026-07-05,none,"Pay ZAR 11,330 today. This leaves at least ZAR 12,200 available over the next 90 days."
request_73,60850.22,not_affordable,not_recommended,none,2023-02-15,none,"Do not proceed with the INR 71,400 request. Although INR 60,850.22 is available today, the full amount cannot be completed safely within 90 days."
request_74,5010,affordable_now,full_payment,2025-08-04:5010,2025-08-04,none,"Pay ZAR 5,010 today. This leaves at least ZAR 21,900 available over the next 90 days."
request_75,8326.51,not_affordable,not_recommended,none,,none,"Do not proceed with the ZAR 28,270 request. Although ZAR 8,326.51 is available today, the full amount cannot be completed safely within 90 days."
request_76,610.46,not_affordable,not_recommended,none,,none,"Do not proceed with the USD 4,455.60 request. Although USD 610.46 is available today, the full amount cannot be completed safely within 90 days."
request_77,60700,affordable_now,full_payment,2025-11-05:60700,2025-11-05,none,"Pay INR 60,700 today. This leaves at least INR 82,200 available over the next 90 days."
request_78,35750.09,not_affordable,not_recommended,none,2025-12-15,none,"Do not proceed with the INR 50,200 request. Although INR 35,750.09 is available today, the full amount cannot be completed safely within 90 days."
request_79,570.48,not_affordable,not_recommended,none,,none,"Do not proceed with the EUR 2,151.60 request. Although EUR 570.48 is available today, the full amount cannot be completed safely within 90 days."
request_80,108038.26,not_affordable,not_recommended,none,,none,"Do not proceed with the INR 217,500 request. Although INR 108,038.26 is available today, the full amount cannot be completed safely within 90 days."
request_81,2025.67,affordable_with_plan,full_payment,2026-07-03:2076,2026-09-15,reduce_to:event_7636:37.50,"Reduce the weekend food delivery to USD 37.50, then pay USD 2,076 today. This leaves at least USD 1,600 available."
request_82,306.2,affordable_later,wait,2025-02-15:1405.20,2025-02-15,none,"Pay USD 1,405.20 in full on 15 February 2025. Paying earlier would take the balance below the USD 1,100 minimum."
request_83,5950.35,not_affordable,not_recommended,none,,none,"Do not proceed with the INR 156,200 request. Although INR 5,950.35 is available today, the full amount cannot be completed safely within 90 days."
request_84,26014.55,affordable_later,wait,2026-06-15:95400,2026-06-15,none,"Pay INR 95,400 in full on 15 June 2026. Paying earlier would take the balance below the INR 91,300 minimum."
request_85,748478.75,not_affordable,not_recommended,none,,none,"Do not proceed with the IDR 19,304,000 request. Although IDR 748,478.75 is available today, the full amount cannot be completed safely within 90 days."
request_86,46300,affordable_now,full_payment,2025-08-03:46300,2025-08-03,none,"Pay INR 46,300 today. This leaves at least INR 84,900 available over the next 90 days."
request_87,6621.46,not_affordable,not_recommended,none,,none,"Do not proceed with the INR 487,900 request. Although INR 6,621.46 is available today, the full amount cannot be completed safely within 90 days."
request_88,10497.62,affordable_with_plan,installments,2024-06-14:9045.23|2024-07-15:9045.23|2024-08-15:9045.23,2024-07-15,none,"Use 3 installments of ZAR 9,045.23, starting 14 June 2024. This leaves at least ZAR 25,800 available."
request_89,9047662.12,not_affordable,not_recommended,none,2026-01-15,none,"Do not proceed with the IDR 13,756,000 request. Although IDR 9,047,662.12 is available today, the full amount cannot be completed safely within 90 days."
request_90,2560,affordable_now,full_payment,2026-07-06:2560,2026-07-06,none,"Pay ZAR 2,560 today. This leaves at least ZAR 7,600 available over the next 90 days."
request_91,367.91,affordable_later,wait,2024-11-15:1927.20,2024-11-15,none,"Pay EUR 1,927.20 in full on 15 November 2024. Paying earlier would take the balance below the EUR 2,100 minimum."
request_92,34034,affordable_now,full_payment,2025-02-05:34034,2025-02-05,none,"Pay ZAR 34,034 today. This leaves at least ZAR 28,100 available over the next 90 days."
request_93,1729.2,affordable_now,full_payment,2026-04-07:1729.20,2026-04-07,none,"Pay USD 1,729.20 today. This leaves at least USD 1,900 available over the next 90 days."
request_94,572,affordable_now,full_payment,2024-12-04:572,2024-12-04,none,Pay EUR 572 today. This leaves at least EUR 600 available over the next 90 days.
request_95,8364.72,not_affordable,not_recommended,none,,none,"Do not proceed with the INR 553,000 request. Although INR 8,364.72 is available today, the full amount cannot be completed safely within 90 days."
request_96,72366.61,affordable_with_plan,installments,2026-01-10:31269.33|2026-02-09:31269.33|2026-03-11:31269.33,2026-02-15,reduce_to:event_8980:1610,"Reduce the quick-service meal to INR 1,610, then use 3 installments of INR 31,269.33, starting 10 January 2026. This leaves at least INR 56,500 available."
request_97,1205.18,affordable_with_plan,installments,2024-03-19:8145.28|2024-04-19:8145.28|2024-05-20:8145.28,2024-05-15,none,"Use 3 installments of ZAR 8,145.28, starting 19 March 2024. This leaves at least ZAR 29,700 available."
request_98,5568.43,not_affordable,not_recommended,none,,none,"Do not proceed with the ZAR 27,148 request. Although ZAR 5,568.43 is available today, the full amount cannot be completed safely within 90 days."
request_99,16197.16,affordable_with_plan,full_payment,2026-07-04:18062,2026-07-15,reduce_to:event_9232:1065.90|stop:event_9188,"Reduce the family dinner to ZAR 1,065.90 and stop the family streaming plan, then pay ZAR 18,062 today. This leaves at least ZAR 49,100 available."
request_100,24860.09,not_affordable,not_recommended,none,2024-08-15,none,"Do not proceed with the ZAR 37,114 request. Although ZAR 24,860.09 is available today, the full amount cannot be completed safely within 90 days."
request_101,143500,affordable_now,full_payment,2025-11-03:143500,2025-11-03,none,"Pay INR 143,500 today. This leaves at least INR 187,400 available over the next 90 days."
request_102,1716,affordable_with_plan,installments,2026-04-05:594.88|2026-05-05:594.88|2026-06-04:594.88,2026-04-05,none,"Use 3 installments of EUR 594.88, starting 5 April 2026. This leaves at least EUR 900 available."
request_103,5448.97,not_affordable,not_recommended,none,,none,"Do not proceed with the INR 368,300 request. Although INR 5,448.97 is available today, the full amount cannot be completed safely within 90 days."
request_104,17204,affordable_now,full_payment,2025-02-04:17204,2025-02-04,none,"Pay ZAR 17,204 today. This leaves at least ZAR 24,700 available over the next 90 days."
request_105,48795.51,not_affordable,not_recommended,none,2026-06-15,none,"Do not proceed with the INR 53,500 request. Although INR 48,795.51 is available today, the full amount cannot be completed safely within 90 days."
request_106,963.42,affordable_later,wait,2025-02-15:2207.70,2025-02-15,none,"Pay EUR 2,207.70 in full on 15 February 2025. Paying earlier would take the balance below the EUR 1,200 minimum."
request_107,2133.69,not_affordable,not_recommended,none,2025-07-15,none,"Do not proceed with the EUR 2,534.40 request. Although EUR 2,133.69 is available today, the full amount cannot be completed safely within 90 days."
request_108,1405.38,not_affordable,not_recommended,none,,none,"Do not proceed with the ZAR 55,308 request. Although ZAR 1,405.38 is available today, the full amount cannot be completed safely within 90 days."
request_109,507.45,not_affordable,not_recommended,none,2024-05-15,none,"Do not proceed with the EUR 1,863.40 request. Although EUR 507.45 is available today, the full amount cannot be completed safely within 90 days."
request_110,22352,affordable_with_plan,installments,2025-08-06:7748.69|2025-09-03:7748.69|2025-10-01:7748.69,2025-08-06,none,"Use 3 installments of ZAR 7,748.69, starting 6 August 2025. This leaves at least ZAR 11,200 available."
request_111,14314834.85,affordable_with_plan,full_payment,2026-04-03:16625000,,reduce_to:event_10302:335350|stop:event_10264,"Reduce the bakery and snacks to IDR 335,350 and stop the online backup subscription, then pay IDR 16,625,000 today. This leaves at least IDR 23,022,800 available."
request_112,252.16,affordable_with_plan,full_payment,2024-06-05:271.70,2024-08-15,reduce_to:event_10400:13,"Reduce the weekend food delivery to EUR 13, then pay EUR 271.70 today. This leaves at least EUR 500 available."
request_113,0,not_affordable,not_recommended,none,,none,"Do not make this payment by 19 October 2026. None of the available options keeps the INR 82,300 minimum protected."
request_114,50176.88,not_affordable,not_recommended,none,2026-03-15,none,"Do not proceed with the INR 65,300 request. Although INR 50,176.88 is available today, the full amount cannot be completed safely within 90 days."
request_115,14426.44,affordable_later,wait,2024-11-15:80500,2024-11-15,none,"Pay INR 80,500 in full on 15 November 2024. Paying earlier would take the balance below the INR 38,800 minimum."
request_116,1840.92,not_affordable,not_recommended,none,,none,"Do not proceed with the INR 241,200 request. Although INR 1,840.92 is available today, the full amount cannot be completed safely within 90 days."
request_117,835.82,affordable_with_plan,full_payment,2026-07-05:880,2026-07-15,reduce_to:event_10878:20.50|stop:event_10833,"Reduce the weekend food delivery to EUR 20.50 and stop the family streaming plan, then pay EUR 880 today. This leaves at least EUR 1,000 available."
request_118,690.89,affordable_with_plan,installments,2024-12-07:255.87|2025-01-07:255.87|2025-02-07:255.87,2025-02-15,reduce_to:event_10914:14,"Reduce the monthly shopping spend to EUR 14, then use 3 installments of EUR 255.87, starting 7 December 2024. This leaves at least EUR 600 available."
request_119,51192.11,not_affordable,not_recommended,none,2025-07-15,none,"Do not proceed with the INR 203,500 request. Although INR 51,192.11 is available today, the full amount cannot be completed safely within 90 days."
request_120,7714000,affordable_now,full_payment,2026-04-06:7714000,2026-04-06,none,"Pay IDR 7,714,000 today. This leaves at least IDR 20,050,300 available over the next 90 days."
request_121,633.6,affordable_now,full_payment,2024-03-03:633.60,2024-03-03,none,Pay USD 633.60 today. This leaves at least USD 800 available over the next 90 days.
request_122,20558000,affordable_with_plan,installments,2025-08-05:7126773.33|2025-09-02:7126773.33|2025-09-30:7126773.33,2025-08-05,none,"Use 3 installments of IDR 7,126,773.33, starting 5 August 2025. This leaves at least IDR 12,588,500 available."
request_123,4076000,affordable_now,full_payment,2026-01-07:4076000,2026-01-07,none,"Pay IDR 4,076,000 today. This leaves at least IDR 18,091,200 available over the next 90 days."
request_124,1352.75,not_affordable,not_recommended,none,2024-08-15,none,"Do not proceed with the EUR 3,104.20 request. Although EUR 1,352.75 is available today, the full amount cannot be completed safely within 90 days."
request_125,0,not_affordable,not_recommended,none,,none,"Do not make this payment by 14 November 2025. None of the available options keeps the ZAR 11,300 minimum protected."
request_126,159600,affordable_now,full_payment,2026-07-03:159600,2026-07-03,none,"Pay INR 159,600 today. This leaves at least INR 129,700 available over the next 90 days."
request_127,7694.9,not_affordable,not_recommended,none,2024-11-15,none,"Do not proceed with the ZAR 23,980 request. Although ZAR 7,694.90 is available today, the full amount cannot be completed safely within 90 days."
request_128,25168,affordable_now,full_payment,2025-02-07:25168,2025-02-07,none,"Pay ZAR 25,168 today. This leaves at least ZAR 42,600 available over the next 90 days."
request_129,102.49,not_affordable,not_recommended,none,,none,"Do not proceed with the USD 2,668.80 request. Although USD 102.49 is available today, the full amount cannot be completed safely within 90 days."
request_130,360.83,affordable_later,wait,2025-02-15:1978.80,2025-02-15,none,"Pay USD 1,978.80 in full on 15 February 2025. Paying earlier would take the balance below the USD 1,400 minimum."
request_131,1159.84,affordable_with_plan,installments,2025-05-06:643.14|2025-06-03:643.14|2025-07-01:643.14,2025-07-15,reduce_to:event_12065:21.20,"Reduce the clothing and household items to USD 21.20, then use 3 installments of USD 643.14, starting 6 May 2025. This leaves at least USD 1,100 available."
request_132,145.22,not_affordable,not_recommended,none,2026-03-15,none,"Do not proceed with the USD 379.86 request. Although USD 145.22 is available today, the full amount cannot be completed safely within 90 days."
request_133,15770000,not_affordable,not_recommended,none,2024-03-07,none,"Do not proceed with the IDR 15,770,000 request. Although IDR 15,770,000 is available today, the full amount cannot be completed safely within 90 days."
request_134,4364103.29,affordable_later,wait,2025-10-15:21831000,2025-10-15,none,"Pay IDR 21,831,000 in full on 15 October 2025. Paying earlier would take the balance below the IDR 15,902,500 minimum."
request_135,257.59,not_affordable,not_recommended,none,2026-07-15,none,"Do not proceed with the USD 304.80 request. Although USD 257.59 is available today, the full amount cannot be completed safely within 90 days."
request_136,481.14,not_affordable,not_recommended,none,2024-06-15,none,"Do not proceed with the USD 560.40 request. Although USD 481.14 is available today, the full amount cannot be completed safely within 90 days."
request_137,9660.61,not_affordable,not_recommended,none,,none,"Do not proceed with the INR 80,100 request. Although INR 9,660.61 is available today, the full amount cannot be completed safely within 90 days."
request_138,1125.9,affordable_with_plan,partial_payment,2026-04-07:1125.90|2026-04-15:131.04,2026-04-15,none,"Pay EUR 1,125.90 today and the remaining EUR 131.04 on 15 April 2026. This completes the full request and keeps the EUR 2,300 minimum protected."
request_139,1771.86,affordable_with_plan,installments,2024-09-07:802.88|2024-10-08:802.88|2024-11-08:802.88,2024-10-15,none,"Use 3 installments of USD 802.88, starting 7 September 2024. This leaves at least USD 1,500 available."
request_140,1182.68,not_affordable,not_recommended,none,,none,"Do not proceed with the ZAR 62,832 request. Although ZAR 1,182.68 is available today, the full amount cannot be completed safely within 90 days."
request_141,19635.07,not_affordable,not_recommended,none,,none,"Do not proceed with the INR 171,600 request. Although INR 19,635.07 is available today, the full amount cannot be completed safely within 90 days."
request_142,1263.6,affordable_now,full_payment,2024-12-05:1263.60,2024-12-05,none,"Pay USD 1,263.60 today. This leaves at least USD 1,700 available over the next 90 days."
request_143,2651.17,affordable_later,wait,2025-07-15:12584,2025-07-15,none,"Pay ZAR 12,584 in full on 15 July 2025. Paying earlier would take the balance below the ZAR 11,300 minimum."
request_144,161.12,not_affordable,not_recommended,none,2026-09-15,none,"Do not proceed with the USD 233.34 request. Although USD 161.12 is available today, the full amount cannot be completed safely within 90 days."
request_145,37525.91,not_affordable,not_recommended,none,2024-05-15,none,"Do not proceed with the INR 217,400 request. Although INR 37,525.91 is available today, the full amount cannot be completed safely within 90 days."
request_146,9278.71,not_affordable,not_recommended,none,,none,"Do not proceed with the INR 449,400 request. Although INR 9,278.71 is available today, the full amount cannot be completed safely within 90 days."
request_147,450.01,affordable_with_plan,installments,2026-04-08:391.63|2026-05-08:391.63|2026-06-07:391.63,2026-05-15,none,"Use 3 installments of EUR 391.63, starting 8 April 2026. This leaves at least EUR 900 available."
request_148,6771.79,affordable_with_plan,installments,2024-06-14:7710.56|2024-07-15:7710.56|2024-08-15:7710.56,2024-08-15,reduce_to:event_13594:576.40|reduce_to:event_13661:531.30,"Reduce the games and recreation to ZAR 576.40 and reduce the family dinner to ZAR 531.30, then use 3 installments of ZAR 7,710.56, starting 14 June 2024. This leaves at least ZAR 20,000 available."
request_149,23929.15,affordable_with_plan,installments,2025-11-18:12706.03|2025-12-16:12706.03|2026-01-13:12706.03,2025-12-15,none,"Use 3 installments of ZAR 12,706.03, starting 18 November 2025. This leaves at least ZAR 42,100 available."
request_150,214.87,not_affordable,not_recommended,none,,none,"Do not proceed with the EUR 496.10 request. Although EUR 214.87 is available today, the full amount cannot be completed safely within 90 days."
request_151,26999000,affordable_now,full_payment,2024-09-03:26999000,2024-09-03,none,"Pay IDR 26,999,000 today. This leaves at least IDR 31,633,600 available over the next 90 days."
request_152,11639.37,not_affordable,not_recommended,none,2025-04-15,none,"Do not proceed with the ZAR 13,882 request. Although ZAR 11,639.37 is available today, the full amount cannot be completed safely within 90 days."
request_153,0,not_affordable,not_recommended,none,,none,"Do not make this payment by 24 September 2026. None of the available options keeps the USD 1,400 minimum protected."
request_154,1047.81,not_affordable,not_recommended,none,2025-01-15,none,"Do not proceed with the EUR 1,625.80 request. Although EUR 1,047.81 is available today, the full amount cannot be completed safely within 90 days."
request_155,112500,affordable_now,full_payment,2025-05-06:112500,2025-05-06,none,"Pay INR 112,500 today. This leaves at least INR 56,300 available over the next 90 days."
request_156,7762.63,affordable_later,wait,2026-06-15:43076,2026-06-15,none,"Pay ZAR 43,076 in full on 15 June 2026. Paying earlier would take the balance below the ZAR 26,900 minimum."
request_157,4352610.76,affordable_later,wait,2024-04-15:23503000,2024-04-15,none,"Pay IDR 23,503,000 in full on 15 April 2024. Paying earlier would take the balance below the IDR 15,714,100 minimum."
request_158,242600,affordable_with_plan,installments,2025-08-07:84101.33|2025-09-04:84101.33|2025-10-02:84101.33,2025-08-07,none,"Use 3 installments of INR 84,101.33, starting 7 August 2025. This leaves at least INR 131,400 available."
request_159,13398,affordable_now,full_payment,2026-01-04:13398,2026-01-04,none,"Pay ZAR 13,398 today. This leaves at least ZAR 8,700 available over the next 90 days."
request_160,560.31,affordable_with_plan,installments,2024-06-13:432.05|2024-07-14:432.05|2024-08-14:432.05,2024-07-15,none,"Use 3 installments of EUR 432.05, starting 13 June 2024. This leaves at least EUR 1,200 available."
request_161,5049563.86,affordable_later,wait,2026-01-15:21204000,2026-01-15,none,"Pay IDR 21,204,000 in full on 15 January 2026. Paying earlier would take the balance below the IDR 23,010,400 minimum."
request_162,532403.37,not_affordable,not_recommended,none,,none,"Do not proceed with the IDR 83,923,000 request. Although IDR 532,403.37 is available today, the full amount cannot be completed safely within 90 days."
request_163,9168006.17,not_affordable,not_recommended,none,2024-11-15,none,"Do not proceed with the IDR 19,304,000 request. Although IDR 9,168,006.17 is available today, the full amount cannot be completed safely within 90 days."
request_164,27018000,affordable_with_plan,installments,2025-02-11:9366240|2025-03-11:9366240|2025-04-08:9366240,2025-02-04,none,"Use 3 installments of IDR 9,366,240, starting 11 February 2025. This leaves at least IDR 29,550,500 available."
request_165,62146.68,affordable_with_plan,full_payment,2026-04-06:80600,,stop:event_15135|reduce_to:event_15173:1875,"Stop the video streaming plan and reduce the quick-service meal to INR 1,875, then pay INR 80,600 today. This leaves at least INR 95,000 available."
request_166,2907.6,affordable_with_plan,installments,2024-12-03:1007.97|2025-01-03:1007.97|2025-02-03:1007.97,2024-12-03,none,"Use 3 installments of USD 1,007.97, starting 3 December 2024. This leaves at least USD 1,700 available."
request_167,43802,affordable_now,full_payment,2025-05-05:43802,2025-05-05,none,"Pay ZAR 43,802 today. This leaves at least ZAR 31,200 available over the next 90 days."
request_168,17228.47,not_affordable,not_recommended,none,,none,"Do not proceed with the INR 49,380 request. Although INR 17,228.47 is available today, the full amount cannot be completed safely within 90 days."
request_169,41976,affordable_now,full_payment,2024-03-04:41976,2024-03-04,none,"Pay ZAR 41,976 today. This leaves at least ZAR 18,700 available over the next 90 days."
request_170,29407776.85,affordable_with_plan,installments,2025-08-06:12804480|2025-09-03:12804480|2025-10-01:12804480,2025-10-15,reduce_to:event_15670:779950|stop:event_15605,"Reduce the lunch with colleagues to IDR 779,950 and stop the grocery delivery membership, then use 3 installments of IDR 12,804,480, starting 6 August 2025. This leaves at least IDR 24,715,800 available."
request_171,10.72,not_affordable,not_recommended,none,,none,"Do not proceed with the EUR 1,878.80 request. Although EUR 10.72 is available today, the full amount cannot be completed safely within 90 days."
request_172,10083.7,affordable_with_plan,partial_payment,2024-06-05:10083.70|2024-06-15:116.30,2024-06-15,none,"Pay ZAR 10,083.70 today and the remaining ZAR 116.30 on 15 June 2024. This completes the full request and keeps the ZAR 27,200 minimum protected."
request_173,61805.41,affordable_with_plan,installments,2025-11-21:39173.33|2025-12-19:39173.33|2026-01-16:39173.33,,reduce_to:event_15946:2105,"Reduce the neighbourhood restaurant to INR 2,105, then use 3 installments of INR 39,173.33, starting 21 November 2025. This leaves at least INR 79,100 available."
request_174,963.36,not_affordable,not_recommended,none,,none,"Do not proceed with the EUR 1,146.20 request. Although EUR 963.36 is available today, the full amount cannot be completed safely within 90 days."
request_175,2346.3,affordable_now,full_payment,2024-09-06:2346.30,2024-09-06,none,"Pay EUR 2,346.30 today. This leaves at least EUR 1,700 available over the next 90 days."
request_176,338.88,not_affordable,not_recommended,none,,none,"Do not proceed with the EUR 1,239.70 request. Although EUR 338.88 is available today, the full amount cannot be completed safely within 90 days."
request_177,1017.6,affordable_now,full_payment,2026-01-05:1017.60,2026-01-05,none,"Pay USD 1,017.60 today. This leaves at least USD 1,300 available over the next 90 days."
request_178,2938.1,affordable_with_plan,installments,2024-12-07:1018.54|2025-01-07:1018.54|2025-02-07:1018.54,2024-12-07,none,"Use 3 installments of EUR 1,018.54, starting 7 December 2024. This leaves at least EUR 1,400 available."
request_179,19892322.36,affordable_later,wait,2025-07-15:41648000,2025-07-15,none,"Pay IDR 41,648,000 in full on 15 July 2025. Paying earlier would take the balance below the IDR 41,430,800 minimum."
request_180,66500,affordable_now,full_payment,2026-07-06:66500,2026-07-06,none,"Pay INR 66,500 today. This leaves at least INR 37,300 available over the next 90 days."
request_181,121.16,not_affordable,not_recommended,none,,none,"Do not proceed with the USD 5,059.20 request. Although USD 121.16 is available today, the full amount cannot be completed safely within 90 days."
request_182,65714,affordable_now,full_payment,2025-08-05:65714,2025-08-05,none,"Pay ZAR 65,714 today. This leaves at least ZAR 31,100 available over the next 90 days."
request_183,22485922.85,affordable_with_plan,installments,2026-04-10:9313546.67|2026-05-10:9313546.67|2026-06-09:9313546.67,2026-06-15,reduce_to:event_16815:365560|stop:event_16814|reduce_to:event_16816:342000,"Reduce the household shopping to IDR 365,560, stop the streaming subscription and reduce the cinema and events to IDR 342,000, then use 3 installments of IDR 9,313,546.67, starting 10 April 2026. This leaves at least IDR 11,878,300 available."
request_184,2839.63,not_affordable,not_recommended,none,,none,"Do not proceed with the INR 251,900 request. Although INR 2,839.63 is available today, the full amount cannot be completed safely within 90 days."
request_185,389.78,not_affordable,not_recommended,none,,none,"Do not proceed with the EUR 1,257.30 request. Although EUR 389.78 is available today, the full amount cannot be completed safely within 90 days."
request_186,10149.35,not_affordable,not_recommended,none,,none,"Do not proceed with the ZAR 26,554 request. Although ZAR 10,149.35 is available today, the full amount cannot be completed safely within 90 days."
request_187,36573.65,affordable_later,wait,2024-11-15:187500,2024-11-15,none,"Pay INR 187,500 in full on 15 November 2024. Paying earlier would take the balance below the INR 128,300 minimum."
request_188,0,not_affordable,not_recommended,none,,none,Do not make this payment by 4 March 2025. None of the available options keeps the EUR 900 minimum protected.
request_189,488.4,affordable_now,full_payment,2026-07-04:488.40,2026-07-04,none,Pay EUR 488.40 today. This leaves at least EUR 400 available over the next 90 days.
request_190,568.86,affordable_later,wait,2025-02-15:2557.50,2025-02-15,none,"Pay EUR 2,557.50 in full on 15 February 2025. Paying earlier would take the balance below the EUR 1,600 minimum."
request_191,664.4,affordable_now,full_payment,2025-05-03:664.40,2025-05-03,none,Pay EUR 664.40 today. This leaves at least EUR 500 available over the next 90 days.
request_192,80.78,not_affordable,not_recommended,none,,none,"Do not proceed with the USD 2,046 request. Although USD 80.78 is available today, the full amount cannot be completed safely within 90 days."
request_193,0,affordable_with_plan,installments,2024-03-21:420.23|2024-04-21:420.23|2024-05-22:420.23,,reduce_to:event_17837:34.50,"Reduce the bakery and snacks to EUR 34.50, then use 3 installments of EUR 420.23, starting 21 March 2024. This leaves at least EUR 1,000 available."
request_194,32023.73,affordable_later,wait,2025-10-15:132800,2025-10-15,none,"Pay INR 132,800 in full on 15 October 2025. Paying earlier would take the balance below the INR 113,600 minimum."
request_195,953.74,not_affordable,not_recommended,none,2026-03-15,none,"Do not proceed with the EUR 1,170.40 request. Although EUR 953.74 is available today, the full amount cannot be completed safely within 90 days."
request_196,762.3,affordable_now,full_payment,2024-06-03:762.30,2024-06-03,none,Pay EUR 762.30 today. This leaves at least EUR 500 available over the next 90 days.
request_197,0,not_affordable,not_recommended,none,,none,"Do not make this payment by 21 January 2026. None of the available options keeps the IDR 26,245,900 minimum protected."
request_198,185800,affordable_now,full_payment,2026-07-07:185800,2026-07-07,none,"Pay INR 185,800 today. This leaves at least INR 124,300 available over the next 90 days."
request_199,23674000,affordable_with_plan,installments,2024-09-07:8206986.67|2024-10-08:8206986.67|2024-11-08:8206986.67,2024-09-04,none,"Use 3 installments of IDR 8,206,986.67, starting 7 September 2024. This leaves at least IDR 25,359,500 available."
request_200,21717000,affordable_now,full_payment,2025-02-06:21717000,2025-02-06,none,"Pay IDR 21,717,000 today. This leaves at least IDR 20,114,600 available over the next 90 days."
request_201,23997000,affordable_now,full_payment,2026-04-03:23997000,2026-04-03,none,"Pay IDR 23,997,000 today. This leaves at least IDR 17,304,500 available over the next 90 days."
request_202,123900,affordable_now,full_payment,2024-12-05:123900,2024-12-05,none,"Pay INR 123,900 today. This leaves at least INR 147,800 available over the next 90 days."
request_203,1442.1,affordable_with_plan,installments,2025-05-10:499.93|2025-06-07:499.93|2025-07-05:499.93,2025-05-07,none,"Use 3 installments of EUR 499.93, starting 10 May 2025. This leaves at least EUR 1,400 available."
request_204,448.7,not_affordable,not_recommended,none,2026-02-15,none,"Do not proceed with the EUR 588.74 request. Although EUR 448.70 is available today, the full amount cannot be completed safely within 90 days."
request_205,10621000,affordable_now,full_payment,2024-03-06:10621000,2024-03-06,none,"Pay IDR 10,621,000 today. This leaves at least IDR 13,994,300 available over the next 90 days."
request_206,1404.7,affordable_with_plan,installments,2025-08-03:486.96|2025-08-31:486.96|2025-09-28:486.96,2025-08-03,none,"Use 3 installments of EUR 486.96, starting 3 August 2025. This leaves at least EUR 900 available."
request_207,6629.47,affordable_later,wait,2026-07-15:11830,2026-07-15,none,"Pay ZAR 11,830 in full on 15 July 2026. Paying earlier would take the balance below the ZAR 13,600 minimum."
request_208,2841210.92,affordable_later,wait,2024-06-15:4413000,2024-06-15,none,"Pay IDR 4,413,000 in full on 15 June 2024. Paying earlier would take the balance below the IDR 10,470,700 minimum."
request_209,1414.4,not_affordable,not_recommended,none,,none,"Do not proceed with the ZAR 56,914 request. Although ZAR 1,414.40 is available today, the full amount cannot be completed safely within 90 days."
request_210,1108.87,affordable_with_plan,partial_payment,2026-04-06:1108.87|2026-04-15:251.15,2026-04-15,none,"Pay USD 1,108.87 today and the remaining USD 251.15 on 15 April 2026. This completes the full request and keeps the USD 2,000 minimum protected."
request_211,299.49,affordable_later,wait,2024-11-15:1788.60,2024-11-15,none,"Pay EUR 1,788.60 in full on 15 November 2024. Paying earlier would take the balance below the EUR 1,500 minimum."
request_212,7317465.79,not_affordable,not_recommended,none,,none,"Do not proceed with the IDR 71,934,000 request. Although IDR 7,317,465.79 is available today, the full amount cannot be completed safely within 90 days."
request_213,3362.4,affordable_with_plan,installments,2026-01-21:1165.63|2026-02-20:1165.63|2026-03-22:1165.63,2026-01-07,none,"Use 3 installments of USD 1,165.63, starting 21 January 2026. This leaves at least USD 2,100 available."
request_214,43695.88,affordable_with_plan,partial_payment,2024-12-04:43695.88|2024-12-15:26054.12,2024-12-15,none,"Pay INR 43,695.88 today and the remaining INR 26,054.12 on 15 December 2024. This completes the full request and keeps the INR 174,900 minimum protected."
request_215,29986,affordable_with_plan,installments,2025-05-09:10395.15|2025-06-06:10395.15|2025-07-04:10395.15,2025-05-06,none,"Use 3 installments of ZAR 10,395.15, starting 9 May 2025. This leaves at least ZAR 15,700 available."
request_216,338.52,affordable_later,wait,2026-09-15:3332.40,2026-09-15,none,"Pay USD 3,332.40 in full on 15 September 2026. Paying earlier would take the balance below the USD 1,800 minimum."
request_217,17783.36,affordable_with_plan,installments,2024-03-19:12889.07|2024-04-19:12889.07|2024-05-20:12889.07,,reduce_to:event_19979:561.44|reduce_to:event_20045:663.30,"Reduce the online retail purchases to ZAR 561.44 and reduce the neighbourhood restaurant to ZAR 663.30, then use 3 installments of ZAR 12,889.07, starting 19 March 2024. This leaves at least ZAR 26,800 available."
request_218,25411879.22,affordable_with_plan,installments,2025-08-07:21195893.33|2025-09-04:21195893.33|2025-10-02:21195893.33,2025-09-15,none,"Use 3 installments of IDR 21,195,893.33, starting 7 August 2025. This leaves at least IDR 34,477,200 available."
request_219,1277.61,affordable_with_plan,installments,2026-04-07:580.01|2026-05-07:580.01|2026-06-06:580.01,2026-04-15,none,"Use 3 installments of EUR 580.01, starting 7 April 2026. This leaves at least EUR 1,100 available."
request_220,36.8,not_affordable,not_recommended,none,,none,"Do not proceed with the EUR 3,118.50 request. Although EUR 36.80 is available today, the full amount cannot be completed safely within 90 days."
request_221,109800,affordable_now,full_payment,2025-11-03:109800,2025-11-03,none,"Pay INR 109,800 today. This leaves at least INR 81,500 available over the next 90 days."
request_222,34078,affordable_now,full_payment,2026-01-05:34078,2026-01-05,none,"Pay ZAR 34,078 today. This leaves at least ZAR 27,300 available over the next 90 days."
request_223,898.7,affordable_now,full_payment,2024-09-07:898.70,2024-09-07,none,Pay EUR 898.70 today. This leaves at least EUR 800 available over the next 90 days.
request_224,7481315.2,affordable_with_plan,installments,2025-02-04:5370040|2025-03-04:5370040,2025-04-15,reduce_to:event_20613:501600|stop:event_20547,"Reduce the coffee shop to IDR 501,600 and stop the grocery delivery membership, then use 2 installments of IDR 5,370,040, starting 4 February 2025. This leaves at least IDR 22,187,600 available."
request_225,10564820.6,not_affordable,not_recommended,none,2026-09-15,none,"Do not proceed with the IDR 22,059,000 request. Although IDR 10,564,820.60 is available today, the full amount cannot be completed safely within 90 days."
request_226,157000,affordable_now,full_payment,2024-12-03:157000,2024-12-03,none,"Pay INR 157,000 today. This leaves at least INR 209,400 available over the next 90 days."
request_227,16360.25,not_affordable,not_recommended,none,,none,"Do not proceed with the INR 259,700 request. Although INR 16,360.25 is available today, the full amount cannot be completed safely within 90 days."
request_228,3845261.94,not_affordable,not_recommended,none,,none,"Do not proceed with the IDR 63,327,000 request. Although IDR 3,845,261.94 is available today, the full amount cannot be completed safely within 90 days."
request_229,407.13,not_affordable,not_recommended,none,2024-05-15,none,"Do not proceed with the EUR 1,526.80 request. Although EUR 407.13 is available today, the full amount cannot be completed safely within 90 days."
request_230,3537.6,affordable_now,full_payment,2025-08-06:3537.60,2025-08-06,none,"Pay EUR 3,537.60 today. This leaves at least EUR 2,000 available over the next 90 days."
request_231,30402.18,affordable_with_plan,installments,2026-01-06:12378.08|2026-02-05:12378.08|2026-03-07:12378.08,2026-03-15,reduce_to:event_21305:845.90,"Reduce the quick-service meal to ZAR 845.90, then use 3 installments of ZAR 12,378.08, starting 6 January 2026. This leaves at least ZAR 24,300 available."
request_232,399.9,not_affordable,not_recommended,none,,none,"Do not proceed with the EUR 1,970.10 request. Although EUR 399.90 is available today, the full amount cannot be completed safely within 90 days."
request_233,3525655.68,affordable_with_plan,installments,2025-11-14:3245320|2025-12-15:3245320,2026-01-15,stop:event_21439,"Stop the delivery service plan, then use 2 installments of IDR 3,245,320, starting 14 November 2025. This leaves at least IDR 10,365,700 available."
request_234,252.5,affordable_later,wait,2026-09-15:1213.30,2026-09-15,none,"Pay EUR 1,213.30 in full on 15 September 2026. Paying earlier would take the balance below the EUR 700 minimum."
request_235,967.2,affordable_now,full_payment,2024-09-06:967.20,2024-09-06,none,Pay USD 967.20 today. This leaves at least USD 700 available over the next 90 days.
request_236,4230225.38,not_affordable,not_recommended,none,,none,"Do not proceed with the IDR 52,383,000 request. Although IDR 4,230,225.38 is available today, the full amount cannot be completed safely within 90 days."
request_237,23826000,affordable_now,full_payment,2026-04-05:23826000,2026-04-05,none,"Pay IDR 23,826,000 today. This leaves at least IDR 22,431,500 available over the next 90 days."
request_238,663.6,affordable_with_plan,installments,2024-12-07:230.05|2025-01-07:230.05|2025-02-07:230.05,2024-12-07,none,"Use 3 installments of USD 230.05, starting 7 December 2024. This leaves at least USD 700 available."
request_239,642,affordable_now,full_payment,2025-05-04:642,2025-05-04,none,Pay USD 642 today. This leaves at least USD 600 available over the next 90 days.
request_240,13491.65,not_affordable,not_recommended,none,,none,"Do not proceed with the INR 101,200 request. Although INR 13,491.65 is available today, the full amount cannot be completed safely within 90 days."
request_241,21052000,affordable_with_plan,installments,2024-03-17:7298026.67|2024-04-17:7298026.67|2024-05-18:7298026.67,2024-03-03,none,"Use 3 installments of IDR 7,298,026.67, starting 17 March 2024. This leaves at least IDR 19,252,000 available."
request_242,0,not_affordable,not_recommended,none,,none,Do not make this payment by 25 August 2025. None of the available options keeps the EUR 600 minimum protected.
request_243,17468,affordable_now,full_payment,2026-07-07:17468,2026-07-07,none,"Pay ZAR 17,468 today. This leaves at least ZAR 19,900 available over the next 90 days."
request_244,49918,affordable_now,full_payment,2024-06-04:49918,2024-06-04,none,"Pay ZAR 49,918 today. This leaves at least ZAR 45,900 available over the next 90 days."
request_245,31979.05,not_affordable,not_recommended,none,,none,"Do not proceed with the INR 128,500 request. Although INR 31,979.05 is available today, the full amount cannot be completed safely within 90 days."
request_246,64086,affordable_with_plan,installments,2026-04-03:22216.48|2026-05-03:22216.48|2026-06-02:22216.48,2026-04-03,none,"Use 3 installments of ZAR 22,216.48, starting 3 April 2026. This leaves at least ZAR 39,300 available."
request_247,1059.3,affordable_now,full_payment,2024-09-05:1059.30,2024-09-05,none,"Pay EUR 1,059.30 today. This leaves at least EUR 1,300 available over the next 90 days."
request_248,914.91,affordable_with_plan,partial_payment,2025-02-07:914.91|2025-04-15:1050.69,2025-04-15,none,"Pay USD 914.91 today and the remaining USD 1,050.69 on 15 April 2025. This completes the full request and keeps the USD 1,300 minimum protected."
request_249,130.63,not_affordable,not_recommended,none,,none,"Do not proceed with the USD 643.20 request. Although USD 130.63 is available today, the full amount cannot be completed safely within 90 days."
request_250,15007.81,not_affordable,not_recommended,none,,none,"Do not proceed with the ZAR 124,278 request. Although ZAR 15,007.81 is available today, the full amount cannot be completed safely within 90 days."
request_251,1513.6,not_affordable,not_recommended,none,2025-05-03,none,"Do not proceed with the EUR 1,513.60 request. Although EUR 1,513.60 is available today, the full amount cannot be completed safely within 90 days."
request_252,5316234.55,affordable_later,wait,2026-09-15:28082000,2026-09-15,none,"Pay IDR 28,082,000 in full on 15 September 2026. Paying earlier would take the balance below the IDR 15,152,200 minimum."
request_253,1330.51,affordable_with_plan,installments,2024-03-21:984.60|2024-04-21:984.60|2024-05-22:984.60,2024-05-15,reduce_to:event_23305:45.50,"Reduce the bakery and snacks to EUR 45.50, then use 3 installments of EUR 984.60, starting 21 March 2024. This leaves at least EUR 2,300 available."
request_254,726.18,affordable_later,wait,2025-10-15:3535.20,2025-10-15,none,"Pay USD 3,535.20 in full on 15 October 2025. Paying earlier would take the balance below the USD 2,500 minimum."
request_255,0,not_affordable,not_recommended,none,,none,"Do not make this payment by 15 June 2026. None of the available options keeps the IDR 9,813,900 minimum protected."
request_256,145685.49,affordable_with_plan,installments,2024-06-10:75816|2024-07-11:75816|2024-08-11:75816,2024-08-15,reduce_to:event_23553:3490,"Reduce the neighbourhood restaurant to INR 3,490, then use 3 installments of INR 75,816, starting 10 June 2024. This leaves at least INR 168,600 available."
request_257,296.46,not_affordable,not_recommended,none,,none,"Do not proceed with the USD 1,352.40 request. Although USD 296.46 is available today, the full amount cannot be completed safely within 90 days."
request_258,1113.6,affordable_now,full_payment,2026-01-07:1113.60,2026-01-07,none,"Pay USD 1,113.60 today. This leaves at least USD 500 available over the next 90 days."
request_259,397.86,affordable_later,wait,2024-11-15:935,2024-11-15,none,Pay EUR 935 in full on 15 November 2024. Paying earlier would take the balance below the EUR 600 minimum.
request_260,6361699.84,not_affordable,not_recommended,none,,none,"Do not proceed with the IDR 52,079,000 request. Although IDR 6,361,699.84 is available today, the full amount cannot be completed safely within 90 days."
request_261,1830.4,affordable_now,full_payment,2026-07-03:1830.40,2026-07-03,none,"Pay EUR 1,830.40 today. This leaves at least EUR 1,500 available over the next 90 days."
request_262,9236000,affordable_now,full_payment,2024-12-05:9236000,2024-12-05,none,"Pay IDR 9,236,000 today. This leaves at least IDR 31,018,500 available over the next 90 days."
request_263,4925.25,not_affordable,not_recommended,none,,none,"Do not proceed with the ZAR 51,546 request. Although ZAR 4,925.25 is available today, the full amount cannot be completed safely within 90 days."
request_264,22053.1,affordable_later,wait,2026-06-15:111300,2026-06-15,none,"Pay INR 111,300 in full on 15 June 2026. Paying earlier would take the balance below the INR 59,500 minimum."
request_265,45970,affordable_now,full_payment,2024-03-06:45970,2024-03-06,none,"Pay INR 45,970 today. This leaves at least INR 189,700 available over the next 90 days."
request_266,935,affordable_with_plan,installments,2025-08-03:324.13|2025-08-31:324.13|2025-09-28:324.13,2025-08-03,none,"Use 3 installments of EUR 324.13, starting 3 August 2025. This leaves at least EUR 900 available."
request_267,1557.19,not_affordable,not_recommended,none,2026-03-15,none,"Do not proceed with the EUR 1,925 request. Although EUR 1,557.19 is available today, the full amount cannot be completed safely within 90 days."
request_268,1032.18,affordable_with_plan,installments,2024-06-14:841.22|2024-07-15:841.22|2024-08-15:841.22,2024-07-15,none,"Use 3 installments of EUR 841.22, starting 14 June 2024. This leaves at least EUR 1,400 available."
request_269,9108.19,not_affordable,not_recommended,none,2026-01-15,none,"Do not proceed with the ZAR 15,490 request. Although ZAR 9,108.19 is available today, the full amount cannot be completed safely within 90 days."
request_270,57.96,not_affordable,not_recommended,none,2026-09-20,none,"Do not proceed with the USD 3,028.80 request. Although USD 57.96 is available today, the full amount cannot be completed safely within 90 days."
request_271,16257.2,affordable_later,wait,2024-11-15:91300,2024-11-15,none,"Pay INR 91,300 in full on 15 November 2024. Paying earlier would take the balance below the INR 58,200 minimum."
request_272,5885838.28,affordable_with_plan,installments,2025-02-12:4709466.67|2025-03-12:4709466.67|2025-04-09:4709466.67,2025-03-15,none,"Use 3 installments of IDR 4,709,466.67, starting 12 February 2025. This leaves at least IDR 7,508,600 available."
request_273,9192347.08,affordable_with_plan,partial_payment,2026-04-07:9192347.08|2026-04-15:6668652.92,2026-04-15,none,"Pay IDR 9,192,347.08 today and the remaining IDR 6,668,652.92 on 15 April 2026. This completes the full request and keeps the IDR 18,774,600 minimum protected."
request_274,2005.85,not_affordable,not_recommended,none,2025-02-15,none,"Do not proceed with the EUR 2,713.70 request. Although EUR 2,005.85 is available today, the full amount cannot be completed safely within 90 days."
request_275,15884000,affordable_now,full_payment,2025-05-06:15884000,2025-05-06,none,"Pay IDR 15,884,000 today. This leaves at least IDR 12,760,100 available over the next 90 days."
